Date,Number 1,Number 2,Number 3,Number 4,Number 5,Powerball,Power Play,Jackpot
10/20/18,62,16,54,57,69,23,2,476700000
10/17/18,3,64,69,68,57,15,3,378000000
10/13/18,14,65,11,43,32,15,3,320000000
10/10/18,27,60,42,23,8,7,3,287600000
10/6/18,22,53,27,67,1,15,3,262300000
10/3/18,63,66,53,59,41,3,3,232400000
9/29/18,9,17,34,59,64,22,2,213400000
9/26/18,7,1,30,50,2,8,5,195000000
9/22/18,61,24,69,64,63,18,5,179400000
9/19/18,50,4,51,48,39,11,3,161400000
9/15/18,19,18,24,34,2,3,3,147500000
9/12/18,28,48,63,6,64,24,2,131500000
9/8/18,20,32,3,33,13,21,3,118000000
9/5/18,59,60,6,50,15,13,2,100100000
9/1/18,54,66,55,61,11,9,3,90000000
8/29/18,53,25,41,67,57,12,2,80000000
8/25/18,25,20,57,63,54,8,2,70000000
8/22/18,45,1,47,69,7,13,2,60000000
8/18/18,34,67,52,61,24,16,3,50000000
8/15/18,28,15,12,47,48,16,2,40000000
8/11/18,56,43,5,68,62,24,2,245600000
8/8/18,21,63,30,43,10,17,2,225700000
8/4/18,38,58,3,11,44,2,4,205600000
8/1/18,5,38,22,58,32,26,2,185100000
7/28/18,27,65,56,46,22,13,2,168600000
7/25/18,64,44,18,2,41,26,2,149600000
7/21/18,9,56,58,23,68,1,2,131900000
7/18/18,28,36,10,1,27,12,2,113300000
7/14/18,49,22,41,67,42,11,3,100000000
7/11/18,21,19,47,27,46,7,4,90000000
7/7/18,45,43,1,10,64,22,3,80000000
7/4/18,7,41,15,4,44,10,2,70000000
6/30/18,9,3,20,42,61,24,2,60000000
6/27/18,63,28,62,7,37,15,2,50000000
6/23/18,29,56,45,16,43,25,2,40000000
6/20/18,14,56,27,4,23,13,2,150400000
6/16/18,65,9,58,57,45,9,2,136000000
6/13/18,13,38,45,20,55,1,2,120700000
6/9/18,36,10,25,6,15,14,3,105100000
6/6/18,53,28,41,23,56,14,3,87900000
6/2/18,23,37,64,44,25,7,4,74000000
5/30/18,46,23,26,17,68,20,2,60000000
5/26/18,45,31,21,1,49,21,2,50000000
5/23/18,20,54,61,56,64,7,4,40000000
5/19/18,56,9,17,3,6,25,3,315300000
5/16/18,17,22,21,19,51,19,2,279800000
5/12/18,42,56,22,55,45,14,3,257900000
5/9/18,50,69,16,38,11,19,2,235000000
5/5/18,29,36,14,61,57,17,4,214600000
5/2/18,40,5,31,50,14,6,2,195200000
4/28/18,28,50,22,45,20,8,5,177800000
4/25/18,18,17,39,64,56,12,3,158800000
4/21/18,50,69,54,62,40,19,2,142700000
4/18/18,12,17,10,9,23,9,2,124100000
4/14/18,61,17,19,26,62,15,2,107800000
4/11/18,67,18,16,55,27,18,3,89700000
4/7/18,38,2,20,17,39,20,2,74900000
4/4/18,42,64,54,8,24,24,4,60000000
3/31/18,24,55,52,61,8,21,3,50000000
3/28/18,53,8,52,6,26,21,2,40000000
3/24/18,33,56,53,10,45,24,3,55900000
3/21/18,29,4,61,3,18,25,2,40000000
3/17/18,60,66,22,59,57,7,2,456700000
3/14/18,12,24,6,41,68,9,3,417300000
3/10/18,69,43,54,44,61,22,3,380600000
3/7/18,36,6,19,13,51,18,2,346300000
3/3/18,40,17,36,25,13,5,2,318700000
2/28/18,69,12,65,59,30,16,5,294300000
2/24/18,38,25,62,63,24,6,2,271000000
2/21/18,7,36,31,15,34,8,3,245100000
2/17/18,26,62,39,13,44,2,3,225300000
2/14/18,44,46,37,39,69,26,2,203900000
2/10/18,27,13,41,59,1,20,5,185200000
2/7/18,40,35,34,47,23,10,2,164200000
2/3/18,15,48,23,27,53,6,2,148700000
1/31/18,7,4,14,59,46,22,10,128000000
1/27/18,54,26,17,21,47,7,2,112500000
1/24/18,11,9,5,33,64,21,3,94400000
1/20/18,28,26,58,47,49,3,4,79400000
1/17/18,33,51,3,37,57,21,2,62400000
1/13/18,69,25,35,14,58,24,2,50000000
1/10/18,7,24,50,49,33,4,5,40000000
1/6/18,12,61,30,29,33,26,3,559700000
1/3/18,42,39,18,2,37,12,3,460900000
12/30/17,58,28,51,41,36,24,2,390100000
12/27/17,16,60,3,56,9,3,3,340400000
12/23/17,44,15,1,13,3,25,2,309600000
12/20/17,20,61,64,1,69,20,2,272000000
12/16/17,35,63,37,9,50,11,2,249100000
12/13/17,2,28,51,58,24,7,3,230000000
12/9/17,36,60,55,37,25,6,5,211600000
12/6/17,50,19,55,62,20,9,2,194300000
12/2/17,32,30,36,28,58,6,3,178500000
11/29/17,59,28,26,24,63,16,3,161300000
11/25/17,53,8,54,27,13,4,2,147400000
11/22/17,61,51,37,46,35,13,2,134800000
11/18/17,17,31,28,32,39,26,3,120500000
11/15/17,48,32,44,50,23,25,2,103600000
11/11/17,56,6,4,30,16,18,2,89500000
11/8/17,12,21,14,34,20,22,2,75500000
11/4/17,51,48,12,26,14,13,3,62900000
11/1/17,26,3,19,6,44,1,2,50100000
10/28/17,35,27,57,66,38,10,2,40000000
10/25/17,57,54,29,22,18,8,3,191100000
10/21/17,14,45,69,41,42,4,2,174300000
10/18/17,69,54,49,30,66,8,2,156100000
10/14/17,56,37,69,32,66,11,3,141100000
10/11/17,1,69,19,3,13,23,2,127100000
10/7/17,61,10,49,65,63,7,2,112400000
10/4/17,23,63,62,66,22,24,2,95500000
9/30/17,8,25,12,41,64,15,3,81600000
9/27/17,21,25,10,23,8,22,3,66100000
9/23/17,45,24,56,55,57,19,2,53600000
9/20/17,68,48,67,39,53,26,3,40000000
9/16/17,31,24,25,17,18,24,2,133200000
9/13/17,24,63,35,57,17,19,3,115500000
9/9/17,59,20,6,57,29,22,2,100300000
9/6/17,32,14,8,58,67,17,3,84800000
9/2/17,62,41,21,52,6,26,2,70500000
8/30/17,43,19,69,28,67,7,2,54300000
8/26/17,66,15,7,38,32,15,2,40000000
8/23/17,7,26,16,23,6,4,4,758700000
8/19/17,17,68,19,43,39,13,4,541900000
8/16/17,64,43,60,9,15,4,3,432500000
8/12/17,35,20,49,26,24,19,2,371100000
8/9/17,12,30,47,62,36,9,4,323500000
8/5/17,33,21,45,11,28,11,2,287200000
8/2/17,16,1,54,63,69,18,3,262600000
7/29/17,1,40,28,48,45,12,2,242500000
7/26/17,19,42,21,7,69,12,2,218700000
7/22/17,44,32,60,5,53,9,3,201300000
7/19/17,63,51,59,61,50,4,5,186100000
7/15/17,40,66,9,64,63,17,2,170700000
7/12/17,18,23,2,61,1,9,2,155000000
7/8/17,29,8,40,59,10,26,2,140300000
7/5/17,54,9,68,4,16,21,2,123100000
7/1/17,45,19,42,53,48,16,3,109400000
6/28/17,46,37,29,53,68,8,2,91800000
6/24/17,36,32,22,58,10,10,4,78700000
6/21/17,65,14,46,68,61,13,2,65300000
6/17/17,13,62,10,53,32,21,2,53000000
6/14/17,63,22,5,43,57,24,2,40000000
6/10/17,32,26,20,38,58,3,2,447800000
6/7/17,66,57,5,69,21,13,3,380600000
6/3/17,54,41,9,3,21,25,4,338000000
5/31/17,60,39,33,4,46,6,2,304600000
5/27/17,55,10,5,67,28,9,3,274700000
5/24/17,38,28,33,32,62,15,2,249100000
5/20/17,45,5,47,54,22,3,2,226100000
5/17/17,39,4,48,45,11,9,3,205700000
5/13/17,68,17,20,63,32,19,5,185100000
5/10/17,62,31,56,46,29,8,2,166100000
5/6/17,31,21,11,41,59,21,3,149200000
5/3/17,18,49,66,17,59,9,2,131100000
4/29/17,24,22,23,62,45,5,2,115400000
4/26/17,18,1,51,15,26,26,4,100000000
4/22/17,39,21,48,41,63,6,3,90000000
4/19/17,1,19,52,40,37,15,3,80000000
4/15/17,61,26,45,5,22,13,3,70000000
4/12/17,68,63,14,8,61,24,2,60000000
4/8/17,51,53,36,23,60,15,2,50000000
4/5/17,53,20,54,46,8,13,2,40000000
4/1/17,65,9,44,36,32,1,3,60000000
3/29/17,8,62,31,36,15,11,3,50000000
3/25/17,32,18,31,48,45,16,4,40000000
3/22/17,2,29,9,27,42,9,2,155200000
3/18/17,25,67,54,44,13,5,3,139800000
3/15/17,30,16,41,48,53,16,3,123400000
3/11/17,57,41,50,26,1,11,2,106600000
3/8/17,42,23,59,46,33,4,2,86500000
3/4/17,2,22,63,19,18,19,3,71200000
3/1/17,16,10,52,40,55,17,10,53900000
2/25/17,6,62,32,47,65,19,2,40000000
2/22/17,52,10,61,28,13,2,2,435300000
2/18/17,9,3,33,7,31,20,3,361000000
2/15/17,33,5,42,38,28,19,2,317000000
2/11/17,37,64,17,9,5,2,2,283800000
2/8/17,49,20,42,14,66,5,2,258300000
2/4/17,52,17,16,13,6,25,3,233600000
2/1/17,9,60,64,43,57,10,2,209700000
1/28/17,39,12,49,69,20,17,2,189100000
1/25/17,18,62,66,68,28,22,2,169900000
1/21/17,45,25,23,67,52,2,2,154500000
1/18/17,41,9,58,40,53,12,2,136900000
1/14/17,55,69,23,64,59,13,5,123000000
1/11/17,1,16,13,43,3,24,2,105500000
1/7/17,37,63,12,24,3,10,2,90800000
1/4/17,17,16,42,41,29,4,3,80000000
12/31/16,1,28,3,67,57,9,2,70000000
12/28/16,30,23,44,58,16,4,2,60000000
12/24/16,38,52,42,51,28,21,2,50000000
12/21/16,25,68,40,54,33,3,5,40000000
12/17/16,16,40,8,48,1,10,2,121600000
12/14/16,39,18,66,37,26,15,3,102400000
12/10/16,32,21,12,44,66,15,2,85700000
12/7/16,49,64,48,41,53,20,2,69100000
12/3/16,27,26,33,8,10,22,2,55200000
11/30/16,3,45,25,14,18,7,2,40000000
11/26/16,21,17,37,44,19,16,2,420900000
11/23/16,7,61,41,47,32,3,2,374100000
11/19/16,24,61,43,16,28,21,2,333500000
11/16/16,28,61,63,41,65,7,2,294200000
11/12/16,20,8,27,52,17,24,2,270400000
11/9/16,28,31,54,25,1,2,2,236700000
11/5/16,31,50,69,21,51,8,3,217800000
11/2/16,18,54,61,13,37,5,2,199700000
10/29/16,42,48,20,21,19,23,3,183300000
10/26/16,48,56,2,16,3,24,2,164200000
10/22/16,1,55,33,28,56,22,2,150200000
10/19/16,43,63,16,38,10,23,2,136100000
10/15/16,64,49,57,23,67,20,2,123200000
10/12/16,34,44,30,16,37,16,2,106300000
10/8/16,3,64,68,61,54,9,2,92600000
10/5/16,60,29,18,27,8,15,2,80000000
10/1/16,12,64,50,61,2,1,2,70000000
9/28/16,30,53,62,38,52,1,3,60000000
9/24/16,15,7,29,41,20,22,2,50000000
9/21/16,63,67,1,69,28,17,4,40000000
9/17/16,51,19,9,62,55,14,4,246800000
9/14/16,10,31,23,28,11,14,2,224900000
9/10/16,3,17,49,68,55,8,2,207300000
9/7/16,23,55,33,22,29,21,2,186400000
9/3/16,39,59,7,67,50,25,3,171800000
8/31/16,10,56,24,61,5,12,2,154200000
8/27/16,48,32,63,4,49,20,2,140100000
8/24/16,25,11,9,65,64,16,3,125900000
8/20/16,68,3,21,6,60,24,2,112600000
8/17/16,44,49,33,50,52,8,3,94900000
8/13/16,44,38,64,69,60,6,2,81400000
8/10/16,64,56,61,23,67,12,5,67600000
8/6/16,52,33,47,36,20,12,3,54600000
8/3/16,66,27,11,9,67,2,3,40000000
7/30/16,32,21,17,23,11,5,2,487000000
7/27/16,10,47,68,65,50,24,2,434800000
7/23/16,39,5,35,7,23,11,2,391100000
7/20/16,6,58,66,25,35,5,2,360900000
7/16/16,11,50,40,17,62,26,2,335500000
7/13/16,57,15,29,3,54,10,3,302500000
7/9/16,32,28,10,64,61,12,3,280800000
7/6/16,66,57,2,31,24,18,3,261300000
7/2/16,63,39,59,34,10,4,2,239200000
6/29/16,29,37,23,64,60,6,2,222500000
6/25/16,36,3,56,69,27,25,2,202900000
6/22/16,14,42,43,52,40,17,3,184200000
6/18/16,53,2,23,63,41,11,2,168300000
6/15/16,33,4,24,31,22,10,2,152600000
6/11/16,36,58,27,41,20,7,2,137600000
6/8/16,37,69,12,25,60,20,3,123600000
6/4/16,20,16,43,64,22,17,2,110000000
6/1/16,40,69,33,23,30,12,5,100000000
5/28/16,6,34,33,59,58,12,2,90000000
5/25/16,64,24,59,41,11,15,3,80000000
5/21/16,9,32,5,7,23,26,4,70000000
5/18/16,25,67,39,23,54,11,3,60000000
5/14/16,64,27,65,13,47,9,3,50000000
5/11/16,69,32,52,66,20,23,3,40000000
5/7/16,25,66,44,5,26,9,2,429600000
5/4/16,47,69,30,66,57,3,3,361500000
4/30/16,32,16,3,34,12,14,3,314700000
4/27/16,25,39,64,2,33,17,2,282000000
4/23/16,46,62,59,35,19,13,5,256900000
4/20/16,62,30,12,25,52,8,3,228100000
4/16/16,32,3,25,51,18,3,2,206300000
4/13/16,30,35,38,33,64,22,3,184600000
4/9/16,14,23,41,61,22,9,3,166600000
4/6/16,65,28,49,60,4,25,2,149700000
4/2/16,9,61,28,40,30,3,2,133200000
3/30/16,55,24,63,53,44,19,2,117100000
3/26/16,23,42,68,52,11,6,3,101600000
3/23/16,22,15,49,5,8,25,3,90000000
3/19/16,11,60,23,54,43,3,3,80000000
3/16/16,46,50,12,13,10,21,3,70000000
3/12/16,28,11,50,57,62,23,2,60000000
3/9/16,32,34,14,23,68,3,3,50000000
3/5/16,3,34,27,59,69,19,2,40000000
3/2/16,62,52,13,12,44,6,2,291400000
2/27/16,22,11,53,21,10,18,3,265300000
2/24/16,67,21,65,31,64,5,3,237800000
2/20/16,54,12,11,16,15,25,5,214800000
2/17/16,29,27,7,40,17,25,2,190100000
2/13/16,7,15,36,18,19,20,2,171000000
2/10/16,2,62,40,50,3,5,2,155300000
2/6/16,13,4,36,31,52,8,3,136400000
2/3/16,26,60,67,31,28,23,3,116600000
1/30/16,16,5,12,31,43,18,4,97900000
1/27/16,40,52,3,67,12,21,2,80600000
1/23/16,32,22,40,69,34,19,4,63400000
1/20/16,44,5,39,69,47,24,5,50000000
1/16/16,61,52,51,64,3,6,2,40000000
1/13/16,8,27,34,4,19,10,2,1586400000
1/9/16,32,16,19,57,34,13,3,947900000
1/6/16,47,2,63,62,11,17,3,528500000
1/2/16,42,15,6,5,29,10,2,355800000
12/30/15,12,61,54,38,36,22,3,301800000
12/26/15,65,40,44,59,27,20,2,261700000
12/23/15,67,16,63,38,55,25,4,232600000
12/19/15,30,68,59,41,28,10,2,204600000
12/16/15,9,42,10,55,32,6,2,180000000
12/12/15,62,2,30,19,14,22,2,161000000
12/9/15,16,46,10,56,7,1,2,145900000
12/5/15,47,33,68,27,13,13,2,128700000
12/2/15,14,18,19,64,32,9,2,110000000
11/28/15,47,2,66,67,6,2,3,100000000
11/25/15,53,16,69,58,29,21,2,90000000
11/21/15,37,57,47,50,52,21,3,80000000
11/18/15,40,17,46,69,41,6,2,70000000
11/14/15,14,22,37,45,66,5,3,60000000
11/11/15,26,4,32,55,64,18,3,50000000
11/7/15,50,53,7,16,25,15,2,40000000
11/4/15,12,2,17,20,65,17,4,144100000
10/31/15,9,47,20,25,68,7,2,127500000
10/28/15,56,62,54,63,4,10,2,110000000
10/24/15,20,31,56,64,60,2,3,100000000
10/21/15,57,32,30,42,56,11,4,90000000
10/17/15,57,62,69,49,48,19,3,80000000
10/14/15,20,15,31,40,29,1,2,70000000
10/10/15,27,68,12,43,29,1,2,60000000
10/7/15,52,40,48,18,30,9,3,50000000
10/3/15,33,6,46,44,26,4,2,40000000
9/30/15,40,59,21,39,55,17,3,310500000
9/26/15,23,57,42,31,50,5,3,266600000
9/23/15,8,29,51,58,41,5,2,238600000
9/19/15,12,43,17,26,48,24,2,211500000
9/16/15,7,5,39,24,31,7,3,188000000
9/12/15,35,3,16,2,13,27,3,168700000
9/9/15,50,44,45,51,47,8,2,149400000
9/5/15,29,10,18,16,45,19,2,134100000
9/2/15,17,46,22,30,56,16,3,120000000
8/29/15,25,18,29,21,28,16,2,110000000
8/26/15,22,56,2,45,32,12,5,100000000
8/22/15,12,14,21,4,55,7,4,90000000
8/19/15,6,43,48,50,8,7,2,80000000
8/15/15,3,17,13,52,42,24,4,70000000
8/12/15,29,38,8,13,52,28,2,60000000
8/8/15,34,48,54,52,9,15,4,50000000
8/5/15,42,14,9,16,11,19,2,40000000
8/1/15,13,7,49,24,57,15,3,110000000
7/29/15,4,52,22,27,28,35,3,100000000
7/25/15,27,44,41,29,34,2,3,90000000
7/22/15,31,12,57,44,43,11,2,80000000
7/18/15,39,6,37,45,55,33,3,70000000
7/15/15,45,34,13,50,16,11,2,60000000
7/11/15,46,39,52,11,54,3,2,50000000
7/8/15,30,27,25,15,4,18,3,40000000
7/4/15,24,18,6,3,14,21,3,70000000
7/1/15,24,41,31,26,7,25,2,60000000
6/27/15,35,18,46,49,28,27,5,50000000
6/24/15,5,10,3,22,32,7,4,40000000
6/20/15,20,16,10,57,9,15,2,80000000
6/17/15,22,20,21,54,41,7,3,70000000
6/13/15,41,29,52,54,48,29,2,60000000
6/10/15,49,32,31,53,48,25,2,50000000
6/6/15,18,43,13,8,27,15,4,40000000
6/3/15,6,40,37,13,8,11,2,188900000
5/30/15,57,25,8,56,9,22,2,170100000
5/27/15,8,15,59,34,53,23,2,153800000
5/23/15,31,9,43,17,15,16,4,138000000
5/20/15,12,1,44,28,35,25,3,121300000
5/16/15,48,24,38,52,29,32,2,110000000
5/13/15,31,29,1,47,25,7,3,100000000
5/9/15,58,4,17,35,15,17,3,90000000
5/6/15,24,41,39,23,27,30,5,80000000
5/2/15,2,31,6,11,30,33,3,70000000
4/29/15,26,1,38,34,51,6,3,60000000
4/25/15,45,21,35,33,38,12,2,50000000
4/22/15,25,10,14,39,53,18,2,40000000
4/18/15,31,22,13,23,29,17,3,50000000
4/15/15,1,21,29,16,40,30,3,40000000
4/11/15,58,1,32,42,12,12,2,80000000
4/8/15,1,19,45,58,46,29,2,70000000
4/4/15,41,33,39,54,40,28,3,60000000
4/1/15,44,39,30,33,2,1,3,50000000
3/28/15,38,2,12,4,6,17,3,40000000
3/25/15,54,23,19,7,50,14,2,40000000
3/21/15,30,38,16,11,42,7,4,50000000
3/18/15,30,47,33,25,14,8,2,40000000
3/14/15,46,47,8,14,39,18,2,136000000
3/11/15,24,44,31,11,40,27,2,118800000
3/7/15,50,42,36,38,34,33,4,101500000
3/4/15,8,35,15,12,50,32,2,90000000
2/28/15,25,28,11,17,46,12,2,80000000
2/25/15,39,17,21,32,19,8,3,70000000
2/21/15,18,51,14,34,10,26,2,60000000
2/18/15,29,1,49,9,32,22,2,50000000
2/14/15,44,45,1,24,51,28,2,40000000
2/11/15,25,11,54,13,39,19,3,564100000
2/7/15,34,58,5,21,10,33,5,394900000
2/4/15,51,52,36,24,56,22,2,324700000
1/31/15,16,5,50,11,26,34,2,285800000
1/28/15,49,24,12,36,35,1,5,259900000
1/24/15,19,16,20,33,29,10,2,235200000
1/21/15,57,12,28,15,11,23,4,211200000
1/17/15,15,27,23,36,16,9,2,190400000
1/14/15,10,4,53,2,41,22,5,176600000
1/10/15,19,9,29,2,28,19,5,160300000
1/7/15,47,49,59,15,14,10,2,147400000
1/3/15,4,43,46,55,18,25,3,132600000
12/31/14,40,27,17,53,37,35,2,120000000
12/27/14,36,14,10,11,7,15,2,110000000
12/24/14,46,11,12,47,50,22,4,100000000
12/20/14,19,15,56,31,14,5,5,90000000
12/17/14,47,31,48,38,22,15,3,80000000
12/13/14,5,13,43,55,28,33,3,70000000
12/10/14,48,34,55,44,54,10,2,60000000
12/6/14,43,22,49,15,12,14,2,50000000
12/3/14,54,30,32,46,25,26,3,40000000
11/29/14,13,30,24,42,48,27,2,90000000
11/26/14,46,17,22,16,54,35,5,80000000
11/22/14,54,53,23,57,49,35,2,70000000
11/19/14,38,6,36,48,51,17,2,60000000
11/15/14,35,16,33,51,13,28,2,50000000
11/12/14,55,37,39,52,51,11,3,40000000
11/8/14,9,33,19,38,54,15,3,202600000
11/5/14,19,2,11,21,42,34,3,179600000
11/1/14,1,38,25,13,3,17,2,160300000
10/29/14,48,28,59,25,57,16,3,140900000
10/25/14,54,57,51,6,10,12,2,124900000
10/22/14,40,42,30,29,50,16,2,110000000
10/18/14,36,20,54,27,26,19,2,100000000
10/15/14,5,7,28,27,19,20,2,90000000
10/11/14,37,39,38,19,10,28,2,80000000
10/8/14,46,50,16,31,5,18,3,70000000
10/4/14,13,33,18,24,25,31,2,60000000
10/1/14,20,1,45,18,4,7,2,50000000
9/27/14,54,11,52,35,2,13,3,40000000
9/24/14,7,14,24,41,21,26,4,228500000
9/20/14,23,22,30,39,37,16,4,198300000
9/17/14,36,18,25,50,48,23,2,172700000
9/13/14,37,6,1,53,16,27,3,151600000
9/10/14,14,39,2,40,43,13,5,128900000
9/6/14,29,43,31,50,9,18,2,111100000
9/3/14,43,2,51,45,16,35,3,100000000
8/30/14,5,52,28,59,31,27,2,90000000
8/27/14,24,17,45,46,26,19,3,80000000
8/23/14,52,28,36,32,35,31,3,70000000
8/20/14,21,40,8,38,4,3,2,60000000
8/16/14,7,8,17,59,48,9,2,50000000
8/13/14,37,8,40,52,39,24,2,40000000
8/9/14,34,12,31,51,3,24,2,90000000
8/6/14,49,1,8,24,28,24,5,80000000
8/2/14,12,46,44,47,26,29,2,70000000
7/30/14,49,13,30,53,42,29,3,60000000
7/26/14,38,39,28,24,30,16,2,50000000
7/23/14,22,12,4,31,10,3,5,40000000
7/19/14,10,53,17,25,45,9,2,60000000
7/16/14,5,32,26,18,15,35,3,50000000
7/12/14,23,7,2,3,51,26,2,40000000
7/9/14,9,55,42,25,57,14,2,124900000
7/5/14,34,58,24,36,57,11,4,106000000
7/2/14,58,18,53,8,45,35,2,90000000
6/28/14,56,8,12,43,34,9,2,80000000
6/25/14,50,53,10,20,25,35,4,70000000
6/21/14,41,6,54,5,37,26,3,60000000
6/18/14,6,52,59,29,9,7,3,50000000
6/14/14,33,54,42,9,45,30,3,40000000
6/11/14,14,25,33,18,49,23,5,259800000
6/7/14,58,30,35,28,59,15,2,227400000
6/4/14,22,7,1,10,49,24,3,196100000
5/31/14,34,15,48,27,31,1,2,172700000
5/28/14,24,2,28,32,59,25,3,153000000
5/24/14,55,15,49,16,28,18,2,135100000
5/21/14,20,34,58,4,39,31,5,115500000
5/17/14,32,23,47,39,49,22,3,100000000
5/14/14,55,7,52,33,39,33,3,90000000
5/10/14,41,47,55,31,4,1,2,80000000
5/7/14,48,31,17,49,29,34,2,70000000
5/3/14,15,5,46,49,16,26,4,60000000
4/30/14,9,2,19,50,11,32,3,50000000
4/26/14,30,3,22,7,33,20,3,40000000
4/23/14,29,48,36,19,25,12,4,148800000
4/19/14,35,6,51,5,29,21,5,130000000
4/16/14,42,34,59,39,44,8,3,110000000
4/12/14,26,45,14,55,54,20,2,91900000
4/9/14,49,14,48,9,44,29,2,80000000
4/5/14,26,11,21,34,33,29,5,70000000
4/2/14,19,22,13,53,8,24,2,60000000
3/29/14,3,12,27,38,2,17,2,50000000
3/26/14,33,41,59,44,28,21,2,40000000
3/22/14,55,13,28,58,31,15,2,96500000
3/19/14,34,23,43,19,2,14,2,80000000
3/15/14,34,5,51,2,58,9,4,70000000
3/12/14,28,54,14,15,37,10,2,60000000
3/8/14,14,24,32,41,10,30,2,50000000
3/5/14,26,3,9,7,54,19,2,40000000
3/1/14,3,8,25,47,30,13,4,60000000
2/26/14,42,11,12,38,17,2,2,50000000
2/22/14,13,2,54,14,3,4,5,40000000
2/19/14,17,49,54,35,1,34,3,425300000
2/15/14,9,23,2,14,21,3,3,330800000
2/12/14,52,49,36,57,44,1,2,286100000
2/8/14,54,37,34,25,24,29,2,253300000
2/5/14,8,57,17,59,32,24,3,219600000
2/1/14,12,15,38,5,27,7,2,193900000
1/29/14,47,23,11,28,32,20,2,170200000
1/25/14,57,8,55,12,18,2,2,150200000
1/22/14,55,2,7,1,9,29,3,131200000
1/18/14,38,14,13,19,31,25,,113300000
1/15/14,29,8,9,7,24,25,,93800000
1/11/14,54,15,48,33,10,34,,80000000
1/8/14,39,28,58,47,10,22,,70000000
1/4/14,19,58,37,20,41,14,,60000000
1/1/14,52,48,15,24,40,23,,50000000
12/28/13,56,51,35,44,8,18,,40000000
12/25/13,38,56,28,39,23,32,,71500000
12/21/13,36,51,45,25,40,8,,60000000
12/18/13,39,7,40,24,37,1,,50000000
12/14/13,33,41,25,14,32,34,,40000000
12/11/13,10,18,19,1,13,27,,122900000
12/7/13,45,13,48,32,20,17,,101900000
12/4/13,9,6,11,44,31,25,,80600000
11/30/13,26,5,45,44,57,29,,70000000
11/27/13,57,25,18,55,50,17,,60000000
11/23/13,12,52,55,43,5,10,,50000000
11/20/13,32,4,45,23,18,7,,40000000
11/16/13,29,37,59,10,44,10,,130300000
11/13/13,31,5,55,50,56,9,,107600000
11/9/13,37,56,3,49,9,32,,88000000
11/6/13,49,1,5,10,15,22,,70000000
11/2/13,27,40,13,23,24,17,,60000000
10/30/13,54,2,49,36,40,10,,50000000
10/26/13,56,6,4,34,49,29,,40000000
10/23/13,47,34,23,31,3,13,,213400000
10/19/13,33,9,56,54,57,5,,183000000
10/16/13,3,42,26,34,28,28,,157600000
10/12/13,10,58,26,57,8,4,,133800000
10/9/13,9,38,3,33,19,18,,109800000
10/5/13,11,39,40,17,12,5,,88000000
10/2/13,6,51,42,4,25,17,,70000000
9/28/13,47,53,14,52,54,5,,60000000
9/25/13,49,7,17,53,2,23,,50000000
9/21/13,58,54,45,17,12,13,,40000000
9/18/13,7,10,35,32,22,19,,399400000
9/14/13,1,25,44,17,37,20,,301400000
9/11/13,19,33,42,52,11,33,,248300000
9/7/13,2,22,19,45,26,24,,208600000
9/4/13,2,45,26,9,47,11,,168700000
8/31/13,40,25,7,56,2,20,,142300000
8/28/13,32,19,7,9,6,13,,117700000
8/24/13,45,17,59,12,25,19,,94400000
8/21/13,30,48,42,46,40,23,,72000000
8/17/13,18,54,56,21,46,23,,60000000
8/14/13,17,43,11,4,51,20,,50000000
8/10/13,37,58,14,4,12,13,,40000000
8/7/13,58,5,25,59,30,32,,448400000
8/3/13,24,36,21,45,42,15,,307300000
7/31/13,8,24,59,39,49,5,,243700000
7/27/13,58,53,40,23,9,6,,201300000
7/24/13,44,29,54,40,9,7,,167400000
7/20/13,14,27,58,25,38,6,,142100000
7/17/13,22,1,42,38,34,17,,118300000
7/13/13,8,37,2,35,22,6,,97800000
7/10/13,55,45,31,30,59,27,,80000000
7/6/13,52,2,36,35,13,11,,70000000
7/3/13,40,6,51,29,3,4,,60000000
6/29/13,28,8,56,53,30,16,,50000000
6/26/13,1,46,39,33,18,33,,40000000
6/22/13,33,57,19,23,13,28,,
6/19/13,57,47,46,52,7,17,,104700000
6/15/13,48,55,28,40,36,1,,85400000
6/12/13,22,16,42,23,55,32,,70000000
6/8/13,2,26,11,32,22,19,,60000000
6/5/13,4,36,26,33,55,32,,50000000
6/1/13,33,53,59,22,28,14,,40000000
5/29/13,49,14,9,17,57,2,,40000000
5/25/13,27,21,19,6,2,25,,50000000
5/22/13,31,35,41,9,57,26,,40000000
5/18/13,22,10,13,14,52,11,,590500000
5/15/13,2,34,11,41,26,32,,363900000
5/11/13,6,23,19,43,13,16,,279000000
5/8/13,21,57,26,22,30,27,,229700000
5/4/13,26,36,40,7,12,17,,193800000
5/1/13,31,22,55,26,54,18,,163800000
4/27/13,55,54,48,23,3,5,,139400000
4/24/13,9,59,31,56,19,2,,116000000
4/20/13,6,39,8,30,48,20,,95600000
4/17/13,58,18,48,13,36,28,,80000000
4/13/13,10,57,31,12,56,33,,70000000
4/10/13,40,1,52,36,53,20,,60000000
4/6/13,39,29,4,8,7,24,,50000000
4/3/13,35,8,12,1,6,3,,40000000
3/30/13,23,46,11,26,55,27,,50000000
3/27/13,43,48,7,37,52,16,,40000000
3/23/13,29,53,52,17,31,31,,338300000
3/20/13,43,17,14,13,54,15,,261600000
3/16/13,44,53,7,21,3,16,,217700000
3/13/13,38,9,32,28,5,29,,183000000
3/9/13,46,52,37,10,40,12,,155500000
3/6/13,45,10,6,23,41,1,,126700000
3/2/13,56,13,8,41,3,16,,105900000
2/27/13,48,20,14,34,3,21,,90000000
2/23/13,41,31,39,2,5,29,,80000000
2/20/13,25,3,32,17,19,17,,70000000
2/16/13,58,16,15,46,50,29,,60000000
2/13/13,12,43,27,25,23,29,,50000000
2/9/13,58,36,16,6,5,3,,40000000
2/6/13,36,38,5,27,41,12,,217200000
2/2/13,41,33,16,40,11,34,,183100000
1/30/13,47,16,14,32,52,16,,154100000
1/26/13,22,49,41,26,3,18,,132500000
1/23/13,24,43,11,12,45,9,,112000000
1/19/13,29,8,28,34,38,35,,100000000
1/16/13,51,21,32,28,9,35,,90000000
1/12/13,47,21,23,14,10,7,,80000000
1/9/13,11,20,13,27,59,26,,70000000
1/5/13,30,49,54,26,51,25,,60000000
1/2/13,20,18,53,28,35,20,,50000000
12/29/12,55,52,46,50,36,14,,40000000
12/26/12,54,43,13,11,23,4,,50000000
12/22/12,18,44,35,39,1,11,,40000000
12/19/12,23,20,5,30,8,3,,50000000
12/15/12,40,23,44,55,15,14,,40000000
12/12/12,36,25,44,8,10,28,,50000000
12/8/12,23,40,53,26,7,21,,40000000
12/5/12,27,19,38,13,17,12,,50000000
12/1/12,46,10,3,19,36,3,,40000000
11/28/12,5,23,16,22,29,6,,587500000
11/24/12,22,32,37,44,50,34,,327000000
11/21/12,24,30,8,18,39,26,,262900000
11/17/12,15,59,27,58,3,20,,219200000
11/14/12,44,10,58,8,30,13,,187400000
11/10/12,55,32,50,54,42,32,,163500000
11/7/12,32,45,34,52,58,20,,145600000
11/3/12,54,4,7,9,30,25,,126300000
10/31/12,45,31,1,48,27,5,,110000000
10/27/12,34,56,36,32,22,33,,100000000
10/24/12,18,50,23,3,21,4,,90000000
10/20/12,4,28,31,44,21,10,,80000000
10/17/12,42,23,10,7,1,35,,70000000
10/13/12,5,2,26,25,49,18,,60000000
10/10/12,35,18,43,29,26,28,,50000000
10/6/12,36,59,26,15,34,35,,40000000
10/3/12,55,23,17,59,36,10,,50000000
9/29/12,57,14,29,18,28,8,,40000000
9/26/12,41,26,42,13,39,10,,202100000
9/22/12,40,42,18,16,2,33,,173400000
9/19/12,50,1,8,39,5,23,,152100000
9/15/12,43,26,3,20,48,1,,131900000
9/12/12,48,56,24,36,33,6,,110000000
9/8/12,34,44,20,48,6,29,,100000000
9/5/12,42,4,26,51,19,29,,90000000
9/1/12,8,44,21,11,49,22,,80000000
8/29/12,49,54,28,25,56,28,,70000000
8/25/12,7,20,6,1,49,23,,60000000
8/22/12,47,31,22,29,55,19,,50000000
8/18/12,55,41,26,14,59,1,,40000000
8/15/12,56,27,46,6,51,21,,337000000
8/11/12,51,13,46,39,4,1,,259500000
8/8/12,7,15,3,11,28,12,,216800000
8/4/12,55,30,53,48,19,18,,186100000
8/1/12,58,3,56,48,16,4,,159500000
7/28/12,6,50,5,36,13,13,,138900000
7/25/12,14,3,46,38,35,16,,120900000
7/21/12,9,54,38,56,31,20,,110000000
7/18/12,5,2,57,23,20,3,,100000000
7/14/12,4,46,16,37,32,13,,90000000
7/11/12,5,36,49,55,22,23,,80000000
7/7/12,5,3,29,59,39,29,,70000000
7/4/12,35,19,14,39,56,33,,60000000
6/30/12,20,7,15,41,44,22,,50000000
6/27/12,58,34,6,46,40,6,,40000000
6/23/12,44,1,53,3,41,30,,60000000
6/20/12,17,11,29,56,57,14,,50000000
6/16/12,14,16,27,15,8,26,,40000000
6/13/12,14,57,33,10,7,18,,241000000
6/9/12,56,45,57,22,18,27,,211200000
6/6/12,59,48,19,33,30,27,,179700000
6/2/12,17,45,10,29,9,33,,158800000
5/30/12,10,56,9,24,52,14,,144000000
5/26/12,49,59,13,41,14,14,,126700000
5/23/12,59,7,53,26,4,32,,110000000
5/19/12,46,13,8,51,35,30,,100000000
5/16/12,21,43,28,3,7,2,,90000000
5/12/12,35,24,58,53,10,22,,80000000
5/9/12,56,7,1,11,55,1,,70000000
5/5/12,12,59,44,20,9,23,,60000000
5/2/12,7,33,50,38,8,29,,50000000
4/28/12,57,40,58,31,39,33,,40000000
4/25/12,29,43,25,4,34,29,,172700000
4/21/12,8,42,51,20,6,16,,151200000
4/18/12,22,39,49,46,20,29,,130000000
4/14/12,15,16,19,14,24,2,,111400000
4/11/12,44,42,16,47,23,2,,94500000
4/7/12,13,30,5,20,17,18,,80000000
4/4/12,33,24,49,45,1,6,,70000000
3/31/12,14,5,58,54,36,27,,60000000
3/28/12,50,58,16,29,11,33,,50000000
3/24/12,15,37,35,1,47,8,,40000000
3/21/12,32,43,53,55,56,6,,70000000
3/17/12,11,55,58,14,49,30,,60000000
3/14/12,1,8,59,46,41,24,,50000000
3/10/12,5,41,20,14,17,5,,40000000
3/7/12,45,35,47,46,12,12,,60000000
3/3/12,47,30,29,49,45,35,,50000000
2/29/12,26,1,11,4,23,14,,40000000
2/25/12,54,11,6,42,53,7,,70000000
2/22/12,17,39,16,7,51,32,,60000000
2/18/12,23,50,28,59,56,5,,50000000
2/15/12,12,11,32,56,52,11,,40000000
2/11/12,37,52,10,1,57,11,,336400000
2/8/12,38,51,17,28,39,33,,255200000
2/4/12,23,56,43,45,15,7,,210300000
2/1/12,8,13,59,17,34,35,,173500000
1/28/12,41,54,59,33,5,13,,147000000
1/25/12,28,19,29,47,4,5,,122900000
1/21/12,44,12,43,24,45,7,,103100000
1/18/12,50,34,29,6,44,28,,81400000
1/14/12,41,30,10,36,38,1,5,65900000
1/11/12,47,5,29,45,19,25,2,54400000
1/7/12,3,24,38,21,39,24,5,43500000
1/4/12,50,35,21,47,46,2,4,31700000
12/31/11,5,25,40,23,28,34,4,25000000
12/28/11,16,27,45,41,21,14,2,20000000
12/24/11,52,51,16,14,30,19,2,128800000
12/21/11,31,15,13,54,10,18,5,105600000
12/17/11,59,28,51,13,49,33,4,89700000
12/14/11,46,52,24,56,2,19,5,77700000
12/10/11,33,41,4,19,59,9,5,65500000
12/7/11,39,20,14,40,3,37,2,53200000
12/3/11,18,5,33,43,45,8,3,42200000
11/30/11,47,6,2,34,35,22,2,30000000
11/26/11,55,20,37,45,39,28,2,25000000
11/23/11,30,35,57,4,59,25,2,20000000
11/19/11,16,9,17,28,30,11,3,59900000
11/16/11,22,25,39,13,51,28,2,
11/12/11,56,4,35,51,36,8,5,35400000
11/9/11,58,59,35,5,57,12,3,25000000
11/5/11,43,39,2,33,40,26,3,20000000
11/2/11,12,39,14,46,34,36,4,254200000
10/29/11,11,40,16,51,56,38,5,209200000
10/26/11,39,21,1,18,55,6,3,173900000
10/22/11,8,3,23,30,58,13,4,148600000
10/19/11,26,35,16,52,58,2,5,125800000
10/15/11,38,24,5,10,43,1,4,107100000
10/12/11,43,10,12,23,47,18,3,87200000
10/8/11,35,3,37,27,45,31,5,74100000
10/5/11,46,7,43,54,20,17,4,60200000
10/1/11,27,43,12,23,1,31,3,48900000
9/28/11,41,51,30,50,53,8,2,37100000
9/24/11,27,12,3,4,44,26,5,30000000
9/21/11,47,52,55,48,12,13,4,25000000
9/17/11,43,22,6,20,32,11,2,20000000
9/14/11,16,50,42,59,41,5,3,25000000
9/10/11,32,53,22,4,19,24,4,20000000
9/7/11,54,3,5,27,18,13,4,108800000
9/3/11,15,52,25,53,54,2,5,91500000
8/31/11,19,35,57,47,13,29,5,76500000
8/27/11,2,54,12,58,25,14,3,62900000
8/24/11,49,53,13,9,47,39,5,47900000
8/20/11,23,2,47,28,17,36,2,35800000
8/17/11,31,28,48,18,52,37,4,25000000
8/13/11,35,9,50,12,58,4,2,20000000
8/10/11,46,41,36,18,11,38,4,228900000
8/6/11,57,59,54,25,30,6,3,182300000
8/3/11,49,19,13,28,21,11,2,160700000
7/30/11,55,20,40,47,41,19,2,135000000
7/27/11,40,51,59,41,38,33,2,113600000
7/23/11,38,1,48,27,7,30,3,93600000
7/20/11,40,42,38,1,4,17,4,76300000
7/16/11,28,48,54,24,50,25,3,62400000
7/13/11,54,18,8,19,32,8,4,48600000
7/9/11,31,9,23,1,11,6,3,36100000
7/6/11,55,50,24,11,15,8,2,25000000
7/2/11,11,29,1,51,18,32,3,20000000
6/29/11,30,24,57,59,45,26,3,77100000
6/25/11,18,39,57,36,41,12,4,63300000
6/22/11,59,12,46,19,15,12,4,49000000
6/18/11,22,38,21,12,41,18,2,36700000
6/15/11,41,43,20,19,38,29,4,25000000
6/11/11,50,16,18,36,27,8,3,20000000
6/8/11,53,37,14,44,45,29,5,25600000
6/4/11,17,58,39,19,41,21,5,20000000
6/1/11,56,38,46,8,18,31,4,201900000
5/28/11,43,12,20,51,55,11,4,169300000
5/25/11,50,4,31,42,23,23,2,144200000
5/21/11,8,49,2,40,50,36,3,121300000
5/18/11,7,12,42,49,13,16,4,98900000
5/14/11,40,18,17,8,44,16,2,81600000
5/11/11,43,32,9,45,17,31,3,65200000
5/7/11,11,55,47,2,27,15,4,51100000
5/4/11,15,41,29,27,3,24,4,36900000
4/30/11,41,15,6,13,32,3,2,25000000
4/27/11,40,44,55,24,4,5,2,20000000
4/23/11,58,11,3,48,47,19,3,74000000
4/20/11,9,24,43,34,36,27,3,57300000
4/16/11,21,55,33,45,44,7,5,42300000
4/13/11,4,49,39,50,23,39,3,28000000
4/9/11,53,5,56,14,32,11,4,20000000
4/6/11,56,18,55,10,41,15,2,221700000
4/2/11,43,22,34,6,45,23,2,185200000
3/30/11,58,56,20,19,42,37,4,153700000
3/26/11,10,4,11,33,19,27,4,129000000
3/23/11,15,28,5,26,32,9,2,103100000
3/19/11,11,20,46,27,3,8,2,83500000
3/16/11,53,28,48,39,40,9,3,68100000
3/12/11,4,41,1,12,47,3,4,54100000
3/9/11,12,20,28,40,48,8,2,39500000
3/5/11,42,31,23,48,2,21,2,26700000
3/2/11,50,58,7,31,51,6,2,20000000
2/26/11,4,45,21,17,13,10,5,182100000
2/23/11,32,36,39,29,49,29,3,154800000
2/19/11,12,34,3,42,37,36,5,129100000
2/16/11,23,48,21,9,13,24,2,104300000
2/12/11,32,52,36,48,11,19,4,83500000
2/9/11,51,39,42,11,7,30,4,65600000
2/5/11,15,41,59,37,56,5,5,51400000
2/2/11,33,57,53,3,14,36,4,35700000
1/29/11,28,45,24,52,49,2,4,25000000
1/26/11,4,47,58,5,36,6,3,20000000
1/22/11,34,30,51,31,45,23,2,122100000
1/19/11,36,51,56,22,59,32,3,99400000
1/15/11,22,13,9,37,23,31,3,82400000
1/12/11,48,23,40,21,19,27,4,65800000
1/8/11,7,52,6,33,26,24,2,52500000
1/5/11,40,22,32,26,38,7,5,37900000
1/1/11,37,47,18,22,54,36,2,25000000
12/29/10,18,37,20,16,3,30,2,20000000
12/25/10,52,50,1,38,17,24,2,48800000
12/22/10,33,11,44,47,46,12,2,36200000
12/18/10,43,19,4,11,33,14,4,25000000
12/15/10,32,18,45,10,11,18,5,20000000
12/11/10,1,8,19,10,20,23,2,37500000
12/8/10,25,8,11,58,41,16,4,25000000
12/4/10,27,24,42,31,13,22,5,20000000
12/1/10,10,5,12,11,20,2,3,95300000
11/27/10,47,37,30,54,10,39,5,79400000
11/24/10,20,8,21,37,32,4,3,65300000
11/20/10,12,10,38,53,57,1,5,51600000
11/17/10,14,59,54,53,16,5,3,36200000
11/13/10,30,51,17,48,54,29,5,25000000
11/10/10,5,8,44,40,11,10,4,20000000
11/6/10,7,12,23,34,38,33,4,128600000
11/3/10,34,45,38,39,50,33,2,106500000
10/30/10,49,7,27,1,36,39,5,88800000
10/27/10,25,24,20,59,53,15,5,72300000
10/23/10,20,2,46,7,16,34,4,59500000
10/20/10,20,39,7,17,59,17,3,46100000
10/16/10,28,16,12,11,15,11,2,34600000
10/13/10,46,34,32,22,12,2,4,25000000
10/9/10,42,32,49,6,2,35,3,20000000
10/6/10,26,41,14,37,46,24,5,61500000
10/2/10,30,12,36,20,47,25,4,48900000
9/29/10,52,13,55,44,51,30,4,35500000
9/25/10,8,35,27,16,42,30,2,25000000
9/22/10,10,36,52,24,55,15,5,20000000
9/18/10,18,44,1,39,37,13,4,116000000
9/15/10,7,20,21,34,43,34,5,95100000
9/11/10,36,20,59,17,7,33,4,79100000
9/8/10,10,57,51,35,39,20,5,63700000
9/4/10,33,22,42,14,11,38,2,50400000
9/1/10,40,20,21,17,51,19,3,34700000
8/28/10,32,56,4,27,22,13,4,25000000
8/25/10,17,36,29,16,31,23,3,20000000
8/21/10,7,22,10,27,12,26,2,79000000
8/18/10,47,4,33,32,55,39,3,65300000
8/14/10,58,50,36,9,33,31,2,52900000
8/11/10,22,52,10,23,7,29,2,38100000
8/7/10,52,26,31,22,4,30,5,25500000
8/4/10,53,30,19,37,28,36,4,20000000
7/31/10,1,57,16,41,17,15,3,85700000
7/28/10,1,11,20,27,25,2,5,68500000
7/24/10,59,30,46,38,20,27,2,53900000
7/21/10,16,58,22,30,51,25,3,38600000
7/17/10,27,37,22,45,35,3,4,25600000
7/14/10,21,23,38,20,42,6,3,20000000
7/10/10,28,21,20,56,27,4,4,73800000
7/7/10,10,41,44,56,48,4,2,56000000
7/3/10,52,53,3,14,10,3,3,42100000
6/30/10,38,43,6,48,47,27,5,27400000
6/26/10,57,30,13,38,32,25,4,20000000
6/23/10,48,11,45,30,47,10,3,96900000
6/19/10,54,31,9,30,50,39,3,79100000
6/16/10,29,18,11,36,8,6,5,61500000
6/12/10,38,13,12,9,35,30,10,45700000
6/9/10,22,49,27,14,32,5,4,29000000
6/5/10,18,34,40,59,48,25,4,20000000
6/2/10,39,14,43,9,4,38,4,261600000
5/29/10,24,3,28,1,41,10,4,224500000
5/26/10,6,20,10,1,13,32,4,190200000
5/22/10,20,19,47,57,40,29,2,164400000
5/19/10,7,58,55,29,2,27,3,145700000
5/15/10,28,15,36,23,21,20,2,122500000
5/12/10,52,58,53,37,51,38,2,97300000
5/8/10,41,5,57,34,22,31,5,78900000
5/5/10,47,13,34,40,57,11,4,62800000
5/1/10,23,25,16,49,58,20,4,46600000
4/28/10,28,44,12,22,25,24,4,30200000
4/24/10,57,56,1,53,12,5,2,20000000
4/21/10,11,34,55,41,49,20,2,258500000
4/17/10,22,41,49,21,5,15,5,212700000
4/14/10,14,6,32,52,38,20,3,177600000
4/10/10,21,22,52,49,58,34,2,150900000
4/7/10,36,52,44,4,40,33,2,125300000
4/3/10,15,59,52,10,31,4,4,103500000
3/31/10,13,45,54,5,17,12,5,82800000
3/27/10,21,7,32,52,44,10,4,65200000
3/24/10,14,49,39,24,20,7,3,45200000
3/20/10,9,36,44,45,39,9,2,30300000
3/17/10,55,26,48,45,24,8,2,20000000
3/13/10,16,36,20,6,31,8,5,211700000
3/10/10,41,37,17,50,21,1,2,172700000
3/6/10,41,33,10,59,29,15,2,144700000
3/3/10,14,49,9,7,45,23,4,118300000
2/27/10,47,18,58,53,51,30,2,96500000
2/24/10,50,17,57,35,4,12,2,78100000
2/20/10,13,54,41,37,27,32,2,61600000
2/17/10,36,7,26,8,19,15,3,44200000
2/13/10,14,10,40,51,30,1,4,29500000
2/10/10,29,8,37,38,5,34,5,20000000
2/6/10,22,54,52,14,59,4,3,141400000
2/3/10,37,52,22,36,17,24,2,116500000
1/30/10,26,35,48,47,6,21,3,92500000
1/27/10,15,26,31,6,20,9,5,77500000
1/23/10,53,16,15,42,20,17,2,65000000
1/20/10,46,15,43,44,32,19,4,53400000
1/16/10,41,8,7,55,23,23,5,41900000
1/13/10,32,15,8,11,50,27,3,30400000
1/9/10,41,44,20,54,50,22,2,25000000
1/6/10,56,27,29,20,58,31,2,20000000
1/2/10,23,3,7,42,27,37,3,25000000
12/30/09,5,52,14,38,39,6,3,20000000
12/26/09,53,41,36,32,37,30,3,128600000
12/23/09,52,8,49,51,32,23,4,110000000
12/19/09,24,41,17,47,39,21,3,92900000
12/16/09,23,43,25,35,13,15,5,79300000
12/12/09,14,41,12,13,35,29,2,66800000
12/9/09,58,12,5,1,13,21,5,53400000
12/5/09,41,58,27,39,44,17,3,42500000
12/2/09,37,46,14,34,55,37,4,30500000
11/28/09,46,50,27,28,26,21,3,25000000
11/25/09,18,13,4,59,49,5,2,20000000
11/21/09,26,36,7,49,58,4,5,32800000
11/18/09,58,59,32,50,42,31,4,25000000
11/14/09,57,30,19,48,32,14,5,20000000
11/11/09,12,8,22,29,14,22,2,96600000
11/7/09,32,37,46,50,7,26,5,82600000
11/4/09,51,10,45,11,14,17,3,67700000
10/31/09,19,26,54,41,2,23,5,55300000
10/28/09,51,46,26,3,11,23,5,41900000
10/24/09,38,22,59,49,14,16,2,31600000
10/21/09,34,51,45,6,16,4,2,25000000
10/17/09,16,5,49,30,25,39,5,20000000
10/14/09,15,30,5,40,25,6,2,30000000
10/10/09,45,49,50,13,32,30,3,25000000
10/7/09,2,50,38,21,20,22,3,20000000
10/3/09,50,57,24,12,48,22,3,193000000
9/30/09,52,54,41,42,57,30,3,170000000
9/26/09,34,20,36,39,18,19,3,150000000
9/23/09,7,8,29,20,25,11,5,129000000
9/19/09,25,24,49,30,5,23,3,111000000
9/16/09,17,56,37,40,51,25,2,95000000
9/12/09,13,28,56,41,38,25,2,81000000
9/9/09,16,18,51,53,4,23,4,67000000
9/5/09,35,27,16,9,57,29,3,57000000
9/2/09,23,47,36,18,59,36,4,45000000
8/29/09,1,53,20,37,52,33,3,33000000
8/26/09,43,23,1,21,30,11,3,25000000
8/22/09,6,51,3,20,32,23,5,20000000
8/19/09,43,14,31,51,24,27,5,250000000
8/15/09,14,26,32,15,36,12,5,213000000
8/12/09,32,10,25,47,34,5,3,186000000
8/8/09,45,37,50,33,4,11,4,161000000
8/5/09,34,25,41,49,46,29,3,138000000
8/1/09,53,37,46,39,5,8,4,120000000
7/29/09,38,2,43,5,59,8,2,102000000
7/25/09,33,5,52,46,17,9,5,88000000
7/22/09,6,22,4,16,32,11,2,74000000
7/18/09,21,26,47,4,28,37,4,61000000
7/15/09,26,50,57,52,51,37,5,49000000
7/11/09,39,1,4,42,20,2,5,38000000
7/8/09,50,56,42,53,19,39,2,30000000
7/4/09,22,4,41,44,9,14,3,25000000
7/1/09,38,53,9,52,32,15,2,20000000
6/27/09,48,39,26,18,22,17,4,25000000
6/24/09,53,24,51,16,18,16,5,20000000
6/20/09,28,22,3,11,18,33,2,86000000
6/17/09,53,9,37,5,42,27,5,72000000
6/13/09,20,41,13,35,16,6,4,59000000
6/10/09,26,42,58,27,15,37,2,45000000
6/6/09,45,10,23,30,18,2,3,34000000
6/3/09,22,20,32,16,37,9,2,25000000
5/30/09,51,42,1,59,23,20,5,20000000
5/27/09,5,16,6,21,12,7,3,222000000
5/23/09,52,19,57,34,23,21,5,192000000
5/20/09,23,30,42,35,31,6,2,170000000
5/16/09,6,7,40,56,31,38,2,150000000
5/13/09,30,40,37,32,19,37,3,129000000
5/9/09,49,32,4,15,58,21,3,109000000
5/6/09,12,7,22,31,8,18,5,92000000
5/2/09,45,20,38,42,3,27,3,77000000
4/29/09,6,36,50,19,59,13,5,65000000
4/25/09,52,42,30,8,26,15,5,53000000
4/22/09,30,15,48,22,37,12,2,42000000
4/18/09,7,28,44,43,15,20,3,31000000
4/15/09,59,22,26,16,27,5,2,25000000
4/11/09,46,49,7,35,28,20,4,20000000
4/8/09,52,56,1,6,48,9,5,143000000
4/4/09,21,57,58,14,50,7,3,126000000
4/1/09,2,33,41,54,9,14,3,109000000
3/28/09,48,2,16,41,3,19,3,94000000
3/25/09,23,47,10,20,54,26,2,81000000
3/21/09,49,27,23,52,19,21,4,70000000
3/18/09,16,29,26,45,41,1,2,55000000
3/14/09,7,44,33,30,51,10,2,44000000
3/11/09,13,7,47,3,34,30,5,32000000
3/7/09,59,27,56,28,21,21,2,25000000
3/4/09,6,1,44,55,49,36,2,20000000
2/28/09,3,58,16,20,42,7,5,173000000
2/25/09,32,49,42,56,17,11,4,150000000
2/21/09,31,46,13,45,41,21,4,125000000
2/18/09,44,15,56,39,2,15,3,105000000
2/14/09,33,8,45,9,2,5,5,92000000
2/11/09,5,22,45,49,10,37,2,78000000
2/7/09,18,53,5,28,20,27,2,65000000
2/4/09,24,44,30,32,7,18,4,52000000
1/31/09,33,26,14,41,1,37,4,42000000
1/28/09,10,32,18,5,23,4,4,30000000
1/24/09,6,37,42,20,25,25,2,25000000
1/21/09,26,20,54,46,38,23,4,20000000
1/17/09,9,5,59,23,2,26,2,165000000
1/14/09,46,34,25,8,39,34,5,146000000
1/10/09,8,56,10,18,43,9,3,146000000
1/7/09,31,52,23,33,38,24,5,120000000
1/3/09,38,22,55,24,17,24,3,105000000
12/31/08,11,53,8,7,17,36,5,80000000
12/27/08,12,43,15,31,26,10,5,70000000
12/24/08,17,2,32,22,41,8,5,62000000
12/20/08,3,14,19,32,54,24,5,62000000
12/17/08,11,7,30,24,18,26,4,57000000
12/13/08,40,14,28,26,31,13,2,40000000
12/10/08,37,6,41,24,15,37,4,35000000
12/6/08,53,9,39,43,35,10,5,30000000
12/3/08,17,21,25,16,55,3,5,25000000
11/29/08,5,55,33,39,36,21,4,20000000
11/26/08,11,31,52,26,34,14,2,15000000
11/22/08,19,32,26,45,17,14,4,61000000
11/19/08,8,45,13,39,38,31,4,50000000
11/15/08,7,44,8,12,3,37,2,42000000
11/12/08,18,45,25,1,29,2,2,32000000
11/8/08,40,36,4,21,2,41,2,25000000
11/5/08,18,33,36,4,8,32,2,20000000
11/1/08,40,4,41,6,26,15,4,15000000
10/29/08,37,50,20,30,52,33,2,59000000
10/25/08,48,1,3,38,14,2,2,52000000
10/22/08,17,52,10,33,51,5,3,42000000
10/18/08,40,10,14,32,49,15,4,32000000
10/15/08,3,13,38,32,48,13,4,25000000
10/11/08,39,3,17,47,7,9,4,20000000
10/8/08,48,12,54,17,2,2,4,15000000
10/4/08,39,4,32,1,26,18,5,20000000
10/1/08,43,39,8,9,55,26,2,15000000
9/27/08,40,24,13,29,52,29,4,200000000
9/24/08,32,36,13,21,5,33,5,176000000
9/20/08,47,30,40,28,6,24,5,154000000
9/17/08,12,26,32,23,44,20,3,136000000
9/13/08,29,17,7,51,43,38,2,118000000
9/10/08,37,28,15,53,14,18,2,102000000
9/6/08,26,54,49,25,17,11,4,92000000
9/3/08,49,38,40,46,50,34,2,81000000
8/30/08,14,32,47,2,15,36,3,72000000
8/27/08,13,49,31,48,36,11,2,62000000
8/23/08,47,33,18,48,24,23,3,52000000
8/20/08,15,24,47,35,16,26,2,43000000
8/16/08,5,43,34,52,40,20,5,35000000
8/13/08,31,10,5,23,19,26,4,25000000
8/9/08,53,40,32,49,43,21,5,20000000
8/6/08,24,37,5,36,51,19,4,15000000
8/2/08,5,28,33,2,54,30,5,87000000
7/30/08,25,55,3,51,45,13,3,75000000
7/26/08,51,55,21,12,13,18,4,64000000
7/23/08,52,11,14,35,41,2,4,54000000
7/19/08,6,28,46,53,55,2,3,43000000
7/16/08,3,23,15,42,29,17,4,33000000
7/12/08,20,50,12,2,22,17,2,25000000
7/9/08,5,31,7,49,53,14,4,20000000
7/5/08,24,47,34,1,48,18,5,15000000
7/2/08,46,33,52,48,4,17,5,85000000
6/28/08,26,32,14,34,44,6,3,75000000
6/25/08,53,45,14,21,25,9,2,64000000
6/21/08,8,7,50,31,9,31,2,53000000
6/18/08,52,9,31,39,12,32,4,42000000
6/14/08,50,31,9,20,11,14,4,33000000
6/11/08,7,49,18,28,21,1,5,25000000
6/7/08,26,44,34,12,48,9,2,20000000
6/4/08,18,5,52,40,20,3,3,15000000
5/31/08,9,17,3,14,25,8,4,33000000
5/28/08,18,45,22,10,37,9,2,25000000
5/24/08,40,33,51,52,41,6,2,20000000
5/21/08,21,33,42,7,16,25,4,15000000
5/17/08,12,21,14,15,43,30,3,35000000
5/14/08,46,29,21,32,19,32,2,26000000
5/10/08,30,7,18,45,41,6,2,20000000
5/7/08,42,26,25,28,9,26,2,15000000
5/3/08,28,2,36,46,42,40,3,179000000
4/30/08,25,51,43,17,1,38,3,162000000
4/26/08,27,45,7,12,17,24,5,144000000
4/23/08,22,39,21,20,11,1,10,125000000
4/19/08,24,13,19,39,33,8,3,105000000
4/16/08,21,18,11,16,51,16,10,91000000
4/12/08,52,11,55,48,29,36,4,80000000
4/9/08,46,13,32,3,19,18,4,68000000
4/5/08,30,47,27,12,37,26,5,57000000
4/2/08,37,1,55,44,34,33,4,46000000
3/29/08,18,36,31,25,20,7,5,36000000
3/26/08,20,37,49,9,12,17,2,26000000
3/22/08,48,46,28,25,7,19,3,20000000
3/19/08,29,6,8,49,41,42,4,15000000
3/15/08,6,42,43,47,22,16,2,275000000
3/12/08,30,12,34,19,36,8,4,230000000
3/8/08,29,49,17,34,31,16,2,200000000
3/5/08,10,15,23,16,31,5,3,173000000
3/1/08,31,21,19,2,55,19,4,153000000
2/27/08,37,48,53,20,24,11,5,133000000
2/23/08,23,29,8,13,47,32,3,115000000
2/20/08,20,9,36,22,12,31,3,100000000
2/16/08,3,49,4,20,8,18,3,86000000
2/13/08,32,13,38,51,19,30,3,74000000
2/9/08,24,4,23,43,30,28,5,63000000
2/6/08,3,43,5,42,12,5,5,52000000
2/2/08,14,44,25,26,16,30,3,43000000
1/30/08,55,2,17,41,54,17,2,33000000
1/26/08,39,53,35,11,54,24,2,25000000
1/23/08,48,47,35,4,16,39,3,20000000
1/19/08,28,20,23,25,27,2,5,15000000
1/16/08,9,18,47,38,19,11,5,95000000
1/12/08,47,53,43,23,39,14,3,83000000
1/9/08,2,20,13,23,21,24,3,71000000
1/5/08,33,11,16,4,40,9,4,63000000
1/2/08,31,34,48,11,2,5,4,52000000
12/29/07,8,12,49,17,35,18,4,42000000
12/26/07,55,32,8,54,41,20,3,32000000
12/22/07,34,10,38,5,11,21,4,25000000
12/19/07,22,15,42,18,23,37,3,20000000
12/15/07,47,22,37,48,50,17,3,15000000
12/12/07,7,40,55,33,14,15,5,33000000
12/8/07,31,8,29,25,4,41,3,26000000
12/5/07,8,55,21,15,1,41,3,20000000
12/1/07,41,32,39,55,7,13,2,15000000
11/28/07,23,39,8,32,37,38,3,155000000
11/24/07,7,1,23,35,13,19,5,137000000
11/21/07,3,11,13,20,40,20,2,120000000
11/17/07,53,52,49,27,17,23,3,109000000
11/14/07,16,30,20,18,48,6,2,95000000
11/10/07,6,26,30,24,22,12,4,82000000
11/7/07,46,22,35,52,29,2,5,71000000
11/3/07,1,38,40,53,31,42,2,62000000
10/31/07,29,18,6,37,16,24,2,51000000
10/27/07,13,25,30,40,43,12,4,43000000
10/24/07,10,52,11,49,18,2,4,34000000
10/20/07,40,10,11,37,54,10,3,26000000
10/17/07,46,15,42,19,14,37,4,20000000
10/13/07,21,34,36,30,49,42,3,15000000
10/10/07,31,54,33,16,12,5,4,20000000
10/6/07,33,32,51,8,30,2,3,15000000
10/3/07,2,4,15,28,14,23,4,15000000
9/29/07,38,55,33,31,49,39,3,15000000
9/26/07,27,54,25,31,44,8,2,61000000
9/22/07,4,9,18,55,43,3,3,48000000
9/19/07,26,25,20,46,45,15,3,38000000
9/15/07,51,48,16,13,27,21,5,29000000
9/12/07,47,5,24,26,33,1,4,20000000
9/8/07,12,30,7,48,28,40,2,15000000
9/5/07,48,30,21,20,11,18,2,29000000
9/1/07,19,39,23,37,12,13,4,20000000
8/29/07,33,47,13,16,44,29,3,15000000
8/25/07,23,29,35,8,2,19,3,300000000
8/22/07,12,37,48,40,50,37,4,245000000
8/18/07,15,12,31,28,50,12,5,210000000
8/15/07,19,51,24,22,38,9,2,181000000
8/11/07,37,1,11,10,40,20,4,161000000
8/8/07,52,21,9,16,30,9,2,141000000
8/4/07,27,24,2,36,23,3,2,123000000
8/1/07,16,52,9,23,51,12,5,105000000
7/28/07,19,24,47,27,15,11,5,94000000
7/25/07,28,35,47,40,53,30,5,82000000
7/21/07,46,39,30,14,43,14,4,72000000
7/18/07,9,42,14,40,3,3,4,60000000
7/14/07,1,36,30,34,21,37,5,50000000
7/11/07,43,42,20,29,8,35,5,36000000
7/7/07,47,21,41,15,27,20,3,27000000
7/4/07,17,49,15,1,2,35,5,20000000
6/30/07,38,39,47,24,46,26,3,15000000
6/27/07,9,13,11,24,43,18,4,103000000
6/23/07,27,43,14,15,53,28,4,89000000
6/20/07,32,31,55,37,23,35,3,76000000
6/16/07,8,47,4,51,32,27,5,66000000
6/13/07,47,28,13,30,10,26,3,54000000
6/9/07,10,7,32,25,41,22,2,43000000
6/6/07,45,14,48,5,9,28,4,32000000
6/2/07,2,36,22,32,47,36,5,25000000
5/30/07,55,7,54,23,35,28,2,20000000
5/26/07,21,5,46,1,51,29,4,15000000
5/23/07,38,24,3,11,36,6,4,63000000
5/19/07,26,19,45,21,3,2,2,53000000
5/16/07,42,7,16,6,34,23,2,43000000
5/12/07,30,51,53,44,46,25,3,34000000
5/9/07,44,2,52,30,13,40,4,25000000
5/5/07,29,21,13,40,50,6,2,20000000
5/2/07,40,1,8,47,35,9,3,15000000
4/28/07,16,43,46,49,22,10,4,68000000
4/25/07,14,12,13,17,53,11,4,57000000
4/21/07,45,26,28,22,33,17,4,47000000
4/18/07,13,10,24,12,6,19,3,36000000
4/14/07,12,49,21,36,38,18,10,27000000
4/11/07,42,51,6,38,15,18,2,20000000
4/7/07,28,55,54,2,31,23,4,15000000
4/4/07,39,19,53,30,40,16,5,15000000
3/31/07,36,5,2,16,40,36,2,41000000
3/28/07,47,6,35,20,37,1,2,30000000
3/24/07,53,38,40,10,48,3,5,20000000
3/21/07,53,38,24,54,16,5,5,15000000
3/17/07,17,47,44,7,54,3,3,183000000
3/14/07,44,4,27,30,39,18,2,165000000
3/10/07,42,18,43,34,14,32,5,142000000
3/7/07,18,16,46,19,13,36,5,120000000
3/3/07,16,22,5,1,48,6,3,105000000
2/28/07,41,20,13,42,53,2,3,90000000
2/24/07,42,55,38,54,36,24,3,78000000
2/21/07,8,2,29,22,37,3,3,67000000
2/17/07,35,1,15,37,45,32,3,58000000
2/14/07,3,30,26,54,55,15,3,46000000
2/10/07,41,11,16,42,2,16,3,37000000
2/7/07,22,4,28,37,52,10,3,27000000
2/3/07,13,20,33,42,12,37,5,20000000
1/31/07,48,42,2,25,15,14,4,15000000
1/27/07,10,26,19,32,27,14,5,15000000
1/24/07,53,29,9,42,19,17,3,240000000
1/20/07,1,38,5,26,32,30,5,205000000
1/17/07,52,35,16,49,50,31,2,180000000
1/13/07,21,1,26,23,25,4,2,155000000
1/10/07,45,54,42,53,36,36,2,131000000
1/6/07,24,40,1,50,49,38,4,115000000
1/3/07,12,55,24,35,10,31,3,100000000
12/30/06,31,28,23,9,36,26,5,88000000
12/27/06,14,29,16,27,41,29,3,75000000
12/23/06,27,43,53,8,52,5,5,65000000
12/20/06,6,26,14,1,34,34,5,53000000
12/16/06,28,17,36,5,51,5,4,43000000
12/13/06,33,32,19,54,42,15,3,33000000
12/9/06,52,22,19,34,30,40,4,25000000
12/6/06,38,36,35,7,34,14,4,20000000
12/2/06,42,34,50,45,17,11,3,15000000
11/29/06,2,9,12,8,19,25,3,74000000
11/25/06,55,49,28,5,18,38,5,64000000
11/22/06,22,49,32,36,55,8,5,54000000
11/18/06,42,36,19,1,8,20,2,45000000
11/15/06,11,28,43,30,34,29,3,35000000
11/11/06,40,49,38,35,55,41,2,27000000
11/8/06,12,53,8,11,26,4,4,20000000
11/4/06,44,13,34,12,39,5,5,15000000
11/1/06,46,54,13,7,8,35,2,93000000
10/28/06,38,22,41,30,14,12,5,83000000
10/25/06,16,40,43,48,42,1,5,70000000
10/21/06,45,55,29,9,31,7,4,59000000
10/18/06,41,2,24,34,48,24,3,47000000
10/14/06,26,15,1,17,40,19,2,37000000
10/11/06,38,10,35,5,12,9,4,27000000
10/7/06,4,31,45,3,8,12,5,20000000
10/4/06,39,27,7,3,40,8,5,15000000
9/30/06,30,32,15,39,6,5,5,15000000
9/27/06,49,23,33,35,28,16,3,15000000
9/23/06,21,45,26,13,50,20,4,203000000
9/20/06,54,8,7,29,17,26,2,179000000
9/16/06,26,42,27,7,8,12,5,157000000
9/13/06,15,47,19,45,26,3,4,137000000
9/9/06,20,47,3,22,19,2,2,119000000
9/6/06,27,35,21,55,2,1,4,102000000
9/2/06,24,28,3,49,8,25,4,89000000
8/30/06,35,3,19,43,33,1,4,75000000
8/26/06,26,24,42,38,46,16,5,64000000
8/23/06,17,8,51,24,38,31,5,51000000
8/19/06,12,51,29,22,26,9,3,40000000
8/16/06,22,2,13,50,48,2,4,29000000
8/12/06,14,54,27,18,13,32,5,20000000
8/9/06,52,19,43,41,16,35,2,15000000
8/5/06,48,50,3,9,2,23,2,204000000
8/2/06,24,19,10,16,13,15,4,178000000
7/29/06,14,39,55,19,26,29,4,155000000
7/26/06,10,5,24,17,43,31,4,135000000
7/22/06,40,47,14,55,54,6,4,116000000
7/19/06,44,50,2,38,32,21,4,100000000
7/15/06,36,20,47,50,35,5,4,86000000
7/12/06,31,33,30,18,19,15,5,73000000
7/8/06,50,44,49,32,37,13,4,62000000
7/5/06,26,52,39,41,53,20,2,50000000
7/1/06,40,35,42,2,31,34,3,40000000
6/28/06,45,51,8,16,2,32,5,28000000
6/24/06,39,8,47,11,30,23,3,20000000
6/21/06,11,19,22,43,45,34,3,15000000
6/17/06,39,48,20,22,10,25,4,100000000
6/14/06,4,40,14,48,15,12,3,86000000
6/10/06,36,54,24,26,16,11,3,73000000
6/7/06,20,10,4,26,40,8,5,60000000
6/3/06,20,5,18,50,6,35,5,48000000
5/31/06,49,22,20,43,10,3,5,38000000